{"teamName": "Outreach Outbound", "reportsTo": "Israel Rodriguez", "profileName": "OakStreet_Agent", "isSupervisor": "No", "timeZoneOffset": "-06:00", "timestamp": "2020-01-29T22:00:06.163000+00:00", "id": "123772870163", "tags": [], "duration": 268.76, "silenceDuration": 49.74, "direction": "INCOMING", "skill": "Direct Mail - Standard", "filetype": "wav", "agentPhone": "7085127738", "emotion-sad": 0.005900371977441554, "emotion-fear": 0.006545894439169692, "emotion-angry": 0.3327409554260414, "emotion-happy": 0.6408596481614179, "emotion-neutral": 0.013953129995929509, "type": "Inbound Marketing", "disposition": "Not Interested", "agentId": "7003739", "agentName": "Deanna Colon", "customerId": "3362531280", "customerName": null, "exp how do you get to your appointments": 1}
{"teamName": "Outreach InBound", "reportsTo": "", "profileName": "OakStreet_Agent", "isSupervisor": "No", "timeZoneOffset": "-06:00", "timestamp": "2020-02-04T17:41:10.143000+00:00", "id": "123877827900", "tags": [], "duration": 638.24, "silenceDuration": 211.16, "direction": "INCOMING", "skill": "Direct Mail - Standard", "filetype": "wav", "agentPhone": "9012311709", "emotion-sad": 0.04302167403765315, "emotion-fear": 0.007388316720694547, "emotion-angry": 0.20919934671406154, "emotion-happy": 0.6738074988468513, "emotion-neutral": 0.06658316368073931, "type": "Inbound Marketing", "disposition": "Scheduled Visit", "agentId": "2664529", "agentName": "Alejandra Gaspar", "customerId": "9013258193", "customerName": null, "exp how do you get to your appointments": 1}
{"teamName": "Outreach Outbound", "reportsTo": "Israel Rodriguez", "profileName": "OakStreet_Agent", "isSupervisor": "No", "timeZoneOffset": "-06:00", "timestamp": "2020-04-17T15:28:15.667000+00:00", "id": "125681321454", "tags": [], "duration": 498.62, "silenceDuration": 170.44, "direction": "OUTGOING", "skill": "OB Follow Up", "filetype": "wav", "agentPhone": "8449070419", "emotion-sad": 0.265249589005703, "emotion-fear": 0.0013859707221784813, "emotion-angry": 0.11353384598124444, "emotion-happy": 0.009573085090196172, "emotion-neutral": 0.6102575092006778, "type": "Outbound Marketing ", "disposition": "Not Interested", "agentId": "7177746", "agentName": "Mari Rivera", "customerId": "9013533310", "customerName": null, "exp how do you get to your appointments": 1}
{"teamName": "Outreach InBound", "reportsTo": "", "profileName": "OakStreet_Agent", "isSupervisor": "No", "timeZoneOffset": "-06:00", "timestamp": "2020-03-05T15:49:03.577000+00:00", "id": "124611081748", "tags": [], "duration": 398.0, "silenceDuration": 177.55, "direction": "INCOMING", "skill": "Direct Mail - Standard", "filetype": "wav", "agentPhone": "8448715650", "emotion-sad": 0.012164855255728918, "emotion-fear": 0.04853039293514481, "emotion-angry": 0.049734425033213576, "emotion-happy": 0.8732684224614216, "emotion-neutral": 0.016301904314491026, "type": "Inbound Marketing", "disposition": "Scheduled Visit", "agentId": "2664529", "agentName": "Alejandra Gaspar", "customerId": "2605155219", "customerName": null, "exp how do you get to your appointments": 1}
{"teamName": "Outreach InBound", "reportsTo": "", "profileName": "OakStreet_Agent", "isSupervisor": "No", "timeZoneOffset": "-06:00", "timestamp": "2020-02-28T22:41:15.250000+00:00", "id": "124497372852", "tags": [], "duration": 525.18, "silenceDuration": 252.53, "direction": "INCOMING", "skill": "Print - Advertising", "filetype": "wav", "agentPhone": "2242316091", "emotion-sad": 0.01887886718716098, "emotion-fear": 0.018524762526710793, "emotion-angry": 0.2861305698037264, "emotion-happy": 0.6664654411686664, "emotion-neutral": 0.010000359313735472, "type": "Inbound Marketing", "disposition": "Current Patient - transferred to C3", "agentId": "2664529", "agentName": "Alejandra Gaspar", "customerId": "2154105613", "customerName": null, "exp how do you get to your appointments": 1}
{"teamName": "Outreach Outbound", "reportsTo": "", "profileName": "OakStreet_Supervisor", "isSupervisor": "No", "timeZoneOffset": "-06:00", "timestamp": "2020-04-01T19:16:41.560000+00:00", "id": "96835941979", "tags": [], "duration": 428.78, "silenceDuration": 131.58, "direction": "OUTGOING", "skill": "Social Media OB Manual Dial", "filetype": "wav", "agentPhone": "8448220040", "emotion-sad": 0.0023972765861587915, "emotion-fear": 1.76649340285792e-05, "emotion-angry": 0.8673016320957309, "emotion-happy": 0.1137531272828204, "emotion-neutral": 0.016530299101261508, "type": "Outbound Marketing ", "disposition": "Callback", "agentId": "11287310", "agentName": "Gabriela Pizarro", "customerId": "3303679352", "customerName": null, "exp how do you get to your appointments": 1}
